INSERT INTO `book` (`id`, `description`, `title`, `isbn_13`, `isbn_10`) VALUES ('1', 'O Box Nórdicos reúne histórias encantadoras dos povos antigos que habitaram o norte da Europa, região que, atualmente, é composta pelos países Dinamarca, Finlândia, Islândia, Noruega e Suécia. Nele, o leitor conhecerá os melhores contos de fadas, lendas, sagas e mitos nórdicos. São histórias cheias de simbologia, cujos personagens são venerados como deuses, semideuses e heróis, e que vão proporcionar uma experiência muito agradável, seja para crianças, jovens ou adultos. Primeiro volume – Contos e lendas A primeira parte traz contos de fadas mágicos e histórias extraordinárias de autores como Hans Christian Andersen, J. Jakobsen, Peter Christen Asbjørnsen e Jørgen Moe, que falam sobre valores como bravura, coragem, humildade e perseverança. Em suas narrativas a bondade é sempre recompensada. A segunda parte introduz o leitor em um mundo de aventura povoado por criaturas místicas como trolls, anões, orcs, elfos e gigantes. Segundo volume – Mitos e sagas Na primeira parte desse volume, dedicada aos mitos, reunimos contos que abordam desde a criação da humanidade, o nascimento, os feitos e as personalidades de deuses como Odin, Thor e Loki, até a grande batalha de Ragnarók, que tudo destruirá para que o mundo renasça. Das Eddas de Snorri Sturluson selecionamos algumas histórias que foram traduzidas em uma linguagem simples e acessível para o público moderno. As sagas, por outro lado, contam histórias de homens e heróis, e são a grande inspiração por trás de boa parte da literatura de fantasia que, ainda hoje, continua a fascinar leitores e a inspirar autores e artistas no mundo todo. Os vikings, por exemplo, tornaram-se uma constante no imaginário ocidental contemporâneo. Estão presentes em obras populares, como os livros de J. R. R. Tolkien, a série de TV Game of Thrones, as HQs e os filmes da Marvel. Neste volume você vai encontrar algumas aventuras, viagens marítimas, grandes batalhas, explorações e descobertas.', 'Box Nórdicos: Os Melhores Contos e Lendas', '978-8584424665', '8584424660');
INSERT INTO `book` (`id`, `description`, `title`, `isbn_13`, `isbn_10`) VALUES ('2', 'O maior sucesso da Citadel Editora é o primeiro título da coleção Diamante de Bolso, que reúne obras de nosso catálogo em versão concisa e editada, para você carregar consigo como uma autêntica pedra preciosa, tendo ao alcance de sua mão uma fonte de inspiração e iluminação. Neste livro, inédito no Brasil, você vai descobrir, após 80 anos de segredo, por meio desta entrevista exclusiva que Hill fez, quebrando o código secreto da mente do Diabo: Quem é o Diabo? Onde ele habita? Quais suas principais armas e artimanhas mentais? Quem são os alienados e de que forma se alienam? Qual a visão do Diabo sobre a energia sexual? Como buscar uma vida cheia de realizações, valorizando a felicidade e a liberdade? Escondido desde 1938, este livro não somente é uma fonte de inspiração e coragem, mas também deve ser considerado um manual para todas aquelas pessoas que desejam ser mais espertas que seus medos, problemas e limitações. Sabendo mais sobre o Diabo e suas armadilhas mentais, acabamos nos aproximando mais do Criador.', 'Mais esperto que o Diabo: O mistério revelado da liberdade e do sucesso', '978-8568014936', '8568014933');
INSERT INTO `book` (`id`, `description`, `title`, `isbn_13`, `isbn_10`) VALUES ('3', 'Acorde para os objetivos que quer conquistar. Já aconteceu a você de se olhar no espelho e não gostar daqueles quilos a mais? De observar seu momento profissional somente com frustração? De se sentir desconectado dos seus familiares, dos seus amigos? Se você acha que essas são situações normais, pense de novo! Só porque isso acontece com várias pessoas não quer dizer que a vida deva ser assim. Só porque algo se torna comum, não significa que seja normal! Neste livro, Paulo Vieira lhe convida a quebrar o ciclo vicioso e iniciar um caminho de realização. Para isso, ele apresenta o método responsável por impactar 250 mil pessoas ao longo de sua carreira - e que pode ser a chave para o que você tanto procura. No decorrer destas páginas, o autor lhe entrega uma bússola. E para conseguir se guiar por ela você terá de assumir um compromisso com a mudança. Preparado? Aproveite todas as provocações e os desafios propostos nesta obra para conseguir, de fato, fazer o check-up completo sobre si mesmo. Acorde, creia, comunique, tenha foco, AJA! Pare de adiar sua vida e seja quem quer ser a partir de agora. Não existe outra opção. E está em suas mãos reescrever seu futuro.', 'O poder da ação', '978-8545200345', '854520034X');
INSERT INTO `book` (`id`, `description`, `title`) VALUES ('4', 'What is your why? This is a question asked to every person around the world. The author will take you on his journey of overcoming darkness. He will show you how holding yourself accountable and having faith in God will allow you to persevere and overcome adversity. His experiences will have you in disbelief as he shows you what it is like to be confused and consumed by darkness. Everyone is faced with unfortunate situations in life, but not everyone knows how to handle these situations. Are you willing to persevere through your obstacles? Will you dwell in darkness? Or, will you use each obstacle as a stepping stone? For any athlete, student, corporate American worker, or entrepreneur, this is the book for you. It will show you that your failures aren’t the end of the world but only a lesson on your path to success.', 'My Failures Motivated My Success');

INSERT INTO `book_properties` (`book_id`, `key`, `value`) VALUES ('1', 'Idioma', 'Português');
INSERT INTO `book_properties` (`book_id`, `key`, `value`) VALUES ('1', 'Editora ', 'Pandorga Editora; 1ª edição (5 março 2020)');
INSERT INTO `book_properties` (`book_id`, `key`, `value`) VALUES ('1', 'Mitos e Sagas', '249 páginas');
INSERT INTO `book_properties` (`book_id`, `key`, `value`) VALUES ('1', 'Contos e Lendas', '243 páginas');
INSERT INTO `book_properties` (`book_id`, `key`, `value`) VALUES ('1', 'Quantidade', '2 Livros');
INSERT INTO `book_properties` (`book_id`, `key`, `value`) VALUES ('1', 'Tipo Capa', 'Comum');
INSERT INTO `book_properties` (`book_id`, `key`, `value`) VALUES ('2', 'Nível de leitura', '12 e acima');
INSERT INTO `book_properties` (`book_id`, `key`, `value`) VALUES ('2', 'Idioma', 'Português');
INSERT INTO `book_properties` (`book_id`, `key`, `value`) VALUES ('2', 'Numero de paginas', '208 páginas');
INSERT INTO `book_properties` (`book_id`, `key`, `value`) VALUES ('2', 'Tipo de capa', 'Comum');
INSERT INTO `book_properties` (`book_id`, `key`, `value`) VALUES ('3', 'Idioma', 'Português');
INSERT INTO `book_properties` (`book_id`, `key`, `value`) VALUES ('3', 'Sobre o Autor', 'Paulo Vieira é escritor e conferencista internacional. Formado em Administração nos EUA pela FCU, onde também é professor. É um dos mais conceituados Coaches do Brasil e presidente da Federação Brasileira de Coaching Integral Sistêmico. Com mais de 10.000 horas em sessão de coaching, é também o criador do Método CIS©, o maior treinamento de Inteligência Emocional da América Latina');
INSERT INTO `book_properties` (`book_id`, `key`, `value`) VALUES ('3', 'Nível de leitura', 'Bebê e acima');
INSERT INTO `book_properties` (`book_id`, `key`, `value`) VALUES ('4', 'ASIN ', 'B08MB78L21');
INSERT INTO `book_properties` (`book_id`, `key`, `value`) VALUES ('4', 'Editora ', 'Pure Thoughts Publishing, LLC (29 outubro 2020)');
INSERT INTO `book_properties` (`book_id`, `key`, `value`) VALUES ('4', 'Idioma', 'Inglês');
INSERT INTO `book_properties` (`book_id`, `key`, `value`) VALUES ('4', 'Número de páginas', '118 páginas');

INSERT INTO `library`.`client` (`id`, `name`, `birthday`, `gender`) VALUES ('1', 'Paulo', '1999-12-11', 'PANGENDER');
INSERT INTO `library`.`client` (`id`, `name`, `birthday`, `gender`) VALUES ('2', 'Maria', '1921-09-12', 'TRANS');
INSERT INTO `library`.`client` (`id`, `name`, `birthday`, `gender`) VALUES ('3', 'Betina', '1982-04-01', 'FEMME');

INSERT INTO `library`.`rental_book` (`id`, `book_id`, `status`) VALUES ('1','1', 'AVAILABLE');
INSERT INTO `library`.`rental_book` (`id`, `book_id`, `status`) VALUES ('2','1', 'AVAILABLE');
INSERT INTO `library`.`rental_book` (`id`, `book_id`, `status`) VALUES ('3','1', 'AVAILABLE');
INSERT INTO `library`.`rental_book` (`id`, `book_id`, `status`) VALUES ('4','2', 'AVAILABLE');
INSERT INTO `library`.`rental_book` (`id`, `book_id`, `status`) VALUES ('5','2', 'AVAILABLE');
INSERT INTO `library`.`rental_book` (`id`, `book_id`, `status`) VALUES ('6','2', 'RENTED');
INSERT INTO `library`.`rental_book` (`id`, `book_id`, `status`) VALUES ('7','2', 'RENTED');
INSERT INTO `library`.`rental_book` (`id`, `book_id`, `status`) VALUES ('8','3', 'RENTED');
INSERT INTO `library`.`rental_book` (`id`, `book_id`, `status`) VALUES ('9','3', 'RENTED');
INSERT INTO `library`.`rental_book` (`id`, `book_id`, `status`) VALUES ('10','3', 'RENTED');

INSERT INTO `library`.`rental_book_client` (`rental_book_id`, `client_id`, `lented_date`, `returned_date`) VALUES ('6', '1', '2020-11-10', '2020-11-13');
INSERT INTO `library`.`rental_book_client` (`rental_book_id`, `client_id`, `lented_date`, `returned_date`) VALUES ('7', '2', '2020-10-28', '2020-11-01');
INSERT INTO `library`.`rental_book_client` (`rental_book_id`, `client_id`, `lented_date`, `returned_date`) VALUES ('8', '3', '2020-11-15', '');
INSERT INTO `library`.`rental_book_client` (`rental_book_id`, `client_id`, `lented_date`, `returned_date`) VALUES ('9', '1', '2020-11-15', '');
INSERT INTO `library`.`rental_book_client` (`rental_book_id`, `client_id`, `lented_date`) VALUES ('10', '2', '2020-11-15');
